arm,epoch,n_seeds,loss_mean,loss_std
LATTICE (image+text),0,3,103.0519,0.00292
LATTICE (image+text),1,3,100.80879,0.01028
LATTICE (image+text),2,3,98.24519,0.01048
LATTICE (image+text),3,3,95.39243,0.00697
LATTICE (image+text),4,3,92.15821,0.01837
LATTICE (image+text),5,3,88.63147,0.01645
LATTICE (image+text),6,3,84.82796,0.05577
LATTICE (image+text),7,3,80.78516,0.02104
LATTICE (image+text),8,3,76.6059,0.05543
LATTICE (image+text),9,3,72.46724,0.07593
LATTICE (image+text),10,3,68.31555,0.03906
LATTICE (image+text),11,3,64.32006,0.06547
LATTICE (image+text),12,3,60.42526,0.09392
LATTICE (image+text),13,3,56.76176,0.12014
LATTICE (image+text),14,3,53.30819,0.03363
LATTICE (image+text),15,3,50.06699,0.10354
LATTICE (image+text),16,3,47.06232,0.09143
LATTICE (image+text),17,3,44.18892,0.07533
LATTICE (image+text),18,3,41.52489,0.11457
LATTICE (image+text),19,3,39.05304,0.03315
LATTICE (image+text),20,3,36.69371,0.00906
LATTICE (image+text),21,3,34.52797,0.03148
LATTICE (image+text),22,3,32.53069,0.12841
LATTICE (image+text),23,3,30.65307,0.13049
LATTICE (image+text),24,3,28.93429,0.05311
LATTICE (image+text),25,3,27.23934,0.04008
LATTICE (image+text),26,3,25.76685,0.06402
LATTICE (image+text),27,3,24.32263,0.06082
LATTICE (image+text),28,3,22.98414,0.07099
LATTICE (image+text),29,3,21.77917,0.0616
LATTICE (image+text),30,3,20.57882,0.10164
LATTICE (image+text),31,3,19.53511,0.07651
LATTICE (image+text),32,3,18.50225,0.10061
LATTICE (image+text),33,3,17.59526,0.07889
LATTICE (image+text),34,3,16.60906,0.02521
LATTICE (image+text),35,3,15.82848,0.04866
LATTICE (image+text),36,3,15.00416,0.02725
LATTICE (image+text),37,3,14.3001,0.02987
LATTICE (image+text),38,3,13.63463,0.02121
LATTICE (image+text),39,3,12.9096,0.11634
LATTICE (image+text),40,3,12.31331,0.04917
LATTICE (image+text),41,3,11.76369,0.05349
LATTICE (image+text),42,3,11.21184,0.0556
LATTICE (image+text),43,3,10.75314,0.03747
LATTICE (image+text),44,3,10.22414,0.01618
LATTICE (image+text),45,3,9.69576,0.05121
LATTICE (image+text),46,3,9.32006,0.02544
LATTICE (image+text),47,3,8.9314,0.09446
LATTICE (image+text),48,3,8.53115,0.08462
LATTICE (image+text),49,3,8.18059,0.04947
LATTICE (image+text),50,3,7.80798,0.03508
LATTICE (image+text),51,3,7.52024,0.03228
LATTICE (image+text),52,3,7.18255,0.01991
LATTICE (image+text),53,3,6.85993,0.0553
LATTICE (image+text),54,3,6.60258,0.01972
LATTICE (image+text),55,3,6.34905,0.02239
LATTICE (image+text),56,3,6.04852,0.01082
LATTICE (image+text),57,3,5.85297,0.04883
LATTICE (image+text),58,3,5.59587,0.03931
LATTICE (image+text),59,3,5.37652,0.02842
LATTICE (image+text),60,3,5.1726,0.03617
LATTICE (image+text),61,3,4.99646,0.02355
LATTICE (image+text),62,3,4.79427,0.04899
LATTICE (image+text),63,3,4.64168,0.0266
LATTICE (image+text),64,3,4.46556,0.02109
LATTICE (image+text),65,3,4.32693,0.00691
LATTICE (image+text),66,3,4.16709,0.02097
LATTICE (image+text),67,3,4.00782,0.01435
LATTICE (image+text),68,3,3.85942,0.03327
LATTICE (image+text),69,3,3.71449,0.03526
LATTICE (image+text),70,3,3.59084,0.03732
LATTICE (image+text),71,3,3.46638,0.05393
LATTICE (image+text),72,3,3.38811,0.04154
LATTICE (image+text),73,3,3.24496,0.02322
LATTICE (image+text),74,3,3.12616,0.02896
LATTICE (image+text),75,3,3.03232,0.02157
LATTICE (image+text),76,3,2.94051,0.04635
LATTICE (image+text),77,3,2.8228,0.03524
LATTICE (image+text),78,3,2.75544,0.02028
LATTICE (image+text),79,3,2.63914,0.05356
LATTICE (image+text),80,3,2.54946,0.01685
LATTICE (image+text),81,3,2.49235,0.01632
LATTICE (image+text),82,3,2.39764,0.03291
LATTICE (image+text),83,3,2.33664,0.03306
LATTICE (image+text),84,3,2.2922,0.01123
LATTICE (image+text),85,3,2.23129,0.01611
LATTICE (image+text),86,3,2.13015,0.03139
LATTICE (image+text),87,3,2.0889,0.02805
LATTICE (image+text),88,3,2.01684,0.01942
LATTICE (image+text),89,3,1.96869,0.03191
LATTICE (image+text),90,3,1.90356,0.02378
LATTICE (image+text),91,3,1.85517,0.00688
LATTICE (image+text),92,3,1.78785,0.01685
LATTICE (image+text),93,3,1.73871,0.03733
LATTICE (image+text),94,3,1.70519,0.03682
LATTICE (image+text),95,3,1.66322,0.0275
LATTICE (image+text),96,3,1.59902,0.00629
LATTICE (image+text),97,3,1.57401,0.03166
LATTICE (image+text),98,3,1.55187,0.01724
LATTICE (image+text),99,3,1.48752,0.01464
LATTICE (image+text),100,3,1.456,0.03059
LATTICE (image+text),101,3,1.41409,0.0142
LATTICE (image+text),102,3,1.39328,0.01323
LATTICE (image+text),103,3,1.34217,0.03641
LATTICE (image+text),104,3,1.30694,0.03386
LATTICE (image+text),105,3,1.2687,0.02012
LATTICE (image+text),106,3,1.2372,0.0196
LATTICE (image+text),107,3,1.23887,0.02224
LATTICE (image+text),108,3,1.1841,0.01834
LATTICE (image+text),109,3,1.18604,0.00807
LATTICE (image+text),110,3,1.13498,0.01326
LATTICE (image+text),111,3,1.1181,0.01344
LATTICE (image+text),112,3,1.08908,0.00877
LATTICE (image+text),113,3,1.05732,0.03085
LATTICE (image+text),114,3,1.02436,0.01065
LATTICE (image+text),115,3,1.02175,0.00684
LATTICE (image+text),116,3,1.00331,0.02231
LATTICE (image+text),117,3,0.97663,0.01147
LATTICE (image+text),118,3,0.94018,0.00519
LATTICE (image+text),119,3,0.94468,0.0128
LATTICE (image+text),120,3,0.91653,0.02175
LATTICE (image+text),121,3,0.90016,0.01822
LATTICE (image+text),122,3,0.8622,0.01394
LATTICE (image+text),123,3,0.86309,0.02385
LATTICE (image+text),124,3,0.83392,0.01536
LATTICE (image+text),125,3,0.81587,0.01282
LATTICE (image+text),126,3,0.79394,0.00755
LATTICE (image+text),127,3,0.78259,0.01618
LATTICE (image+text),128,3,0.77154,0.00755
LATTICE (image+text),129,3,0.7633,0.01321
LATTICE (image+text),130,3,0.74651,0.01974
LATTICE (image+text),131,3,0.72183,0.01914
LATTICE (image+text),132,3,0.71654,0.01942
LATTICE (image+text),133,3,0.70965,0.01565
LATTICE (image+text),134,3,0.67201,0.00958
LATTICE (image+text),135,3,0.67725,0.02604
LATTICE (image+text),136,3,0.67441,0.00921
LATTICE (image+text),137,3,0.64898,0.01826
LATTICE (image+text),138,3,0.63266,0.0153
LATTICE (image+text),139,3,0.62849,0.00562
LATTICE (image+text),140,3,0.61108,0.01217
LATTICE (image+text),141,3,0.60517,0.01378
LATTICE (image+text),142,3,0.6009,0.017
LATTICE (image+text),143,3,0.58193,0.01318
LATTICE (image+text),144,3,0.57691,0.00933
LATTICE (image+text),145,3,0.56714,0.0076
LATTICE (image+text),146,3,0.55522,0.01988
LATTICE (image+text),147,3,0.54391,0.02357
LATTICE (image+text),148,3,0.53959,0.01772
LATTICE (image+text),149,3,0.52353,0.01601
LATTICE (image+text),150,3,0.52055,0.01164
LATTICE + object graph,0,3,103.08037,0.00437
LATTICE + object graph,1,3,100.84442,0.0075
LATTICE + object graph,2,3,98.24475,0.00789
LATTICE + object graph,3,3,95.3071,0.01361
LATTICE + object graph,4,3,91.94913,0.02009
LATTICE + object graph,5,3,88.24916,0.02743
LATTICE + object graph,6,3,84.26155,0.06731
LATTICE + object graph,7,3,80.04028,0.0432
LATTICE + object graph,8,3,75.69833,0.07521
LATTICE + object graph,9,3,71.45693,0.09921
LATTICE + object graph,10,3,67.20976,0.05579
LATTICE + object graph,11,3,63.17195,0.0814
LATTICE + object graph,12,3,59.2478,0.08478
LATTICE + object graph,13,3,55.58227,0.13618
LATTICE + object graph,14,3,52.14892,0.03904
LATTICE + object graph,15,3,48.93782,0.09606
LATTICE + object graph,16,3,45.97462,0.09567
LATTICE + object graph,17,3,43.13385,0.085
LATTICE + object graph,18,3,40.5312,0.08105
LATTICE + object graph,19,3,38.11039,0.05496
LATTICE + object graph,20,3,35.80619,0.01848
LATTICE + object graph,21,3,33.69363,0.06274
LATTICE + object graph,22,3,31.76854,0.12811
LATTICE + object graph,23,3,29.91561,0.11839
LATTICE + object graph,24,3,28.26506,0.04756
LATTICE + object graph,25,3,26.63548,0.06164
LATTICE + object graph,26,3,25.19715,0.05553
LATTICE + object graph,27,3,23.81009,0.05401
LATTICE + object graph,28,3,22.51539,0.06764
LATTICE + object graph,29,3,21.34417,0.067
LATTICE + object graph,30,3,20.16707,0.09544
LATTICE + object graph,31,3,19.17039,0.03586
LATTICE + object graph,32,3,18.14409,0.09494
LATTICE + object graph,33,3,17.28433,0.07423
LATTICE + object graph,34,3,16.3147,0.01994
LATTICE + object graph,35,3,15.56555,0.03539
LATTICE + object graph,36,3,14.77738,0.02849
LATTICE + object graph,37,3,14.08828,0.0411
LATTICE + object graph,38,3,13.44074,0.00497
LATTICE + object graph,39,3,12.7216,0.10786
LATTICE + object graph,40,3,12.1578,0.04463
LATTICE + object graph,41,3,11.61461,0.03422
LATTICE + object graph,42,3,11.05478,0.03747
LATTICE + object graph,43,3,10.62762,0.03979
LATTICE + object graph,44,3,10.11508,0.04517
LATTICE + object graph,45,3,9.58416,0.02581
LATTICE + object graph,46,3,9.24359,0.02842
LATTICE + object graph,47,3,8.84733,0.0717
LATTICE + object graph,48,3,8.45863,0.08387
LATTICE + object graph,49,3,8.10689,0.0432
LATTICE + object graph,50,3,7.75559,0.03597
LATTICE + object graph,51,3,7.45948,0.02056
LATTICE + object graph,52,3,7.13177,0.02595
LATTICE + object graph,53,3,6.82752,0.04218
LATTICE + object graph,54,3,6.57219,0.00681
LATTICE + object graph,55,3,6.32291,0.01363
LATTICE + object graph,56,3,6.04081,0.01879
LATTICE + object graph,57,3,5.8379,0.05077
LATTICE + object graph,58,3,5.5905,0.03331
LATTICE + object graph,59,3,5.35972,0.02817
LATTICE + object graph,60,3,5.1536,0.03799
LATTICE + object graph,61,3,4.9922,0.02523
LATTICE + object graph,62,3,4.79684,0.05476
LATTICE + object graph,63,3,4.6334,0.02854
LATTICE + object graph,64,3,4.45403,0.01625
LATTICE + object graph,65,3,4.32665,0.01861
LATTICE + object graph,66,3,4.1803,0.02543
LATTICE + object graph,67,3,4.01681,0.01058
LATTICE + object graph,68,3,3.86829,0.04013
LATTICE + object graph,69,3,3.7216,0.02931
LATTICE + object graph,70,3,3.61091,0.01366
LATTICE + object graph,71,3,3.48402,0.04109
LATTICE + object graph,72,3,3.40672,0.0275
LATTICE + object graph,73,3,3.25546,0.03981
LATTICE + object graph,74,3,3.13993,0.02825
LATTICE + object graph,75,3,3.0425,0.00774
LATTICE + object graph,76,3,2.95566,0.04413
LATTICE + object graph,77,3,2.84525,0.02592
LATTICE + object graph,78,3,2.77269,0.01151
LATTICE + object graph,79,3,2.65701,0.04596
LATTICE + object graph,80,3,2.56242,0.01596
LATTICE + object graph,81,3,2.5087,0.02446
LATTICE + object graph,82,3,2.42381,0.02821
LATTICE + object graph,83,3,2.3605,0.03838
LATTICE + object graph,84,3,2.30264,0.01709
LATTICE + object graph,85,3,2.25833,0.03008
LATTICE + object graph,86,3,2.15571,0.0242
LATTICE + object graph,87,3,2.10963,0.02806
LATTICE + object graph,88,3,2.04698,0.01317
LATTICE + object graph,89,3,1.99134,0.03233
LATTICE + object graph,90,3,1.91858,0.01483
LATTICE + object graph,91,3,1.87996,0.02271
LATTICE + object graph,92,3,1.81032,0.02057
LATTICE + object graph,93,3,1.7701,0.0383
LATTICE + object graph,94,3,1.7285,0.02721
LATTICE + object graph,95,3,1.68075,0.01466
LATTICE + object graph,96,3,1.61099,0.00114
LATTICE + object graph,97,3,1.59335,0.01853
LATTICE + object graph,98,3,1.5712,0.01808
LATTICE + object graph,99,3,1.50703,0.00975
LATTICE + object graph,100,3,1.47362,0.0123
LATTICE + object graph,101,3,1.42631,0.01
LATTICE + object graph,102,3,1.41912,0.02064
LATTICE + object graph,103,3,1.36913,0.03155
LATTICE + object graph,104,3,1.33054,0.03111
LATTICE + object graph,105,3,1.30511,0.01858
LATTICE + object graph,106,3,1.259,0.03035
LATTICE + object graph,107,3,1.26031,0.02062
LATTICE + object graph,108,3,1.20819,0.01231
LATTICE + object graph,109,3,1.20418,0.01218
LATTICE + object graph,110,3,1.15659,0.01238
LATTICE + object graph,111,3,1.13939,0.0089
LATTICE + object graph,112,3,1.10754,0.01777
LATTICE + object graph,113,3,1.08331,0.01478
LATTICE + object graph,114,3,1.04625,0.00998
LATTICE + object graph,115,3,1.04822,0.00796
LATTICE + object graph,116,3,1.0203,0.00783
LATTICE + object graph,117,3,0.99608,0.00633
LATTICE + object graph,118,3,0.96242,0.01726
LATTICE + object graph,119,3,0.96461,0.01156
LATTICE + object graph,120,3,0.92618,0.01558
LATTICE + object graph,121,3,0.92499,0.01239
LATTICE + object graph,122,3,0.88549,0.01228
LATTICE + object graph,123,3,0.88627,0.01673
LATTICE + object graph,124,3,0.86284,0.01267
LATTICE + object graph,125,3,0.84413,0.01612
LATTICE + object graph,126,3,0.81408,0.00667
LATTICE + object graph,127,3,0.80435,0.00481
LATTICE + object graph,128,3,0.78379,0.00487
LATTICE + object graph,129,3,0.77915,0.01103
LATTICE + object graph,130,3,0.76195,0.01704
LATTICE + object graph,131,3,0.74635,0.01139
LATTICE + object graph,132,3,0.74544,0.02312
LATTICE + object graph,133,3,0.73129,0.01649
LATTICE + object graph,134,3,0.6921,0.00736
LATTICE + object graph,135,3,0.6921,0.01844
LATTICE + object graph,136,3,0.69196,0.01554
LATTICE + object graph,137,3,0.6661,0.01233
LATTICE + object graph,138,3,0.65612,0.01194
LATTICE + object graph,139,3,0.64434,0.00364
LATTICE + object graph,140,3,0.62299,0.01402
LATTICE + object graph,141,3,0.62068,0.00754
LATTICE + object graph,142,3,0.6147,0.01426
LATTICE + object graph,143,3,0.59456,0.00706
LATTICE + object graph,144,3,0.59837,0.01534
LATTICE + object graph,145,3,0.58691,0.01777
LATTICE + object graph,146,3,0.5711,0.02455
LATTICE + object graph,147,3,0.55976,0.01871
LATTICE + object graph,148,3,0.55976,0.00648
LATTICE + object graph,149,3,0.53965,0.00644
LATTICE + object graph,150,3,0.54762,0.01116
LATTICE + object graph,151,3,0.52366,0.01076
LATTICE + object graph,152,3,0.52606,0.00858
LATTICE + object graph,153,3,0.51298,0.00322
LATTICE + object graph,154,3,0.50368,0.00704
LATTICE + object graph,155,3,0.49836,0.00444
LATTICE + object graph,156,3,0.48682,0.01091
LATTICE + object graph,157,3,0.48914,0.00297
LATTICE + object graph,158,3,0.48681,0.01455
LATTICE + object graph,159,3,0.45845,0.00094
LATTICE + object graph,160,3,0.48808,0.01289
LATTICE + object graph,161,3,0.45333,0.01618
LATTICE + object graph,162,3,0.44597,0.01612
LATTICE + object graph,163,3,0.4375,0.00423
LATTICE + object graph,164,3,0.44555,0.00652
LATTICE + object graph,165,3,0.43011,0.01283
LATTICE + object graph,166,3,0.4318,0.0141
LATTICE + object graph,167,3,0.42593,0.00439
LATTICE + object graph,168,3,0.40853,0.01171
LATTICE + object graph,169,3,0.41381,0.01105
LATTICE + object graph,170,3,0.40001,0.01048
