arm,seed,epoch,loss,bpr_loss,emb_loss,epoch_seconds
LATTICE (image+text),0,0,103.05112,103.04942,0.0017,3.5
LATTICE (image+text),0,1,100.80037,100.7986,0.00178,3.3
LATTICE (image+text),0,2,98.23459,98.23271,0.00188,3.3
LATTICE (image+text),0,3,95.38479,95.38277,0.00202,3.3
LATTICE (image+text),0,4,92.17503,92.17284,0.00219,3.3
LATTICE (image+text),0,5,88.61847,88.61608,0.0024,3.3
LATTICE (image+text),0,6,84.86678,84.86414,0.00264,3.3
LATTICE (image+text),0,7,80.8057,80.80277,0.00293,3.3
LATTICE (image+text),0,8,76.60574,76.60248,0.00326,3.3
LATTICE (image+text),0,9,72.4781,72.4745,0.00361,3.3
LATTICE (image+text),0,10,68.35902,68.35503,0.00399,3.3
LATTICE (image+text),0,11,64.38902,64.38464,0.00438,3.3
LATTICE (image+text),0,12,60.45813,60.45333,0.00479,3.2
LATTICE (image+text),0,13,56.81968,56.81447,0.00521,3.3
LATTICE (image+text),0,14,53.34111,53.33545,0.00566,3.3
LATTICE (image+text),0,15,50.06822,50.06213,0.00608,3.3
LATTICE (image+text),0,16,46.99994,46.99343,0.00652,3.3
LATTICE (image+text),0,17,44.2074,44.20047,0.00693,3.3
LATTICE (image+text),0,18,41.41976,41.41236,0.00741,3.3
LATTICE (image+text),0,19,39.03764,39.02983,0.00781,3.3
LATTICE (image+text),0,20,36.68331,36.67506,0.00824,3.3
LATTICE (image+text),0,21,34.55605,34.5474,0.00866,3.3
LATTICE (image+text),0,22,32.59142,32.58236,0.00906,3.3
LATTICE (image+text),0,23,30.68688,30.67739,0.00949,3.3
LATTICE (image+text),0,24,28.92371,28.91382,0.00988,3.3
LATTICE (image+text),0,25,27.26919,27.25889,0.0103,3.3
LATTICE (image+text),0,26,25.78124,25.77056,0.01069,3.3
LATTICE (image+text),0,27,24.25245,24.24135,0.0111,3.3
LATTICE (image+text),0,28,22.90328,22.89179,0.01149,3.3
LATTICE (image+text),0,29,21.82743,21.81557,0.01185,3.3
LATTICE (image+text),0,30,20.68139,20.66921,0.01218,3.3
LATTICE (image+text),0,31,19.50359,19.491,0.01259,3.3
LATTICE (image+text),0,32,18.43987,18.42688,0.01299,3.3
LATTICE (image+text),0,33,17.58105,17.56775,0.0133,3.3
LATTICE (image+text),0,34,16.59333,16.57968,0.01365,3.3
LATTICE (image+text),0,35,15.79066,15.77664,0.01402,3.3
LATTICE (image+text),0,36,14.99231,14.97795,0.01437,3.3
LATTICE (image+text),0,37,14.26744,14.25278,0.01466,3.3
LATTICE (image+text),0,38,13.61329,13.59831,0.01497,3.3
LATTICE (image+text),0,39,12.86276,12.84744,0.01532,3.3
LATTICE (image+text),0,40,12.30247,12.28686,0.01562,3.3
LATTICE (image+text),0,41,11.75824,11.74233,0.01592,3.3
LATTICE (image+text),0,42,11.16652,11.15028,0.01624,3.3
LATTICE (image+text),0,43,10.76681,10.75031,0.0165,3.3
LATTICE (image+text),0,44,10.24235,10.22552,0.01682,3.3
LATTICE (image+text),0,45,9.6429,9.62579,0.01712,3.3
LATTICE (image+text),0,46,9.30654,9.28908,0.01746,3.3
LATTICE (image+text),0,47,8.83848,8.8208,0.01768,3.3
LATTICE (image+text),0,48,8.44791,8.42994,0.01797,3.3
LATTICE (image+text),0,49,8.1237,8.10547,0.01823,3.3
LATTICE (image+text),0,50,7.76909,7.75056,0.01854,3.3
LATTICE (image+text),0,51,7.50338,7.48462,0.01876,3.3
LATTICE (image+text),0,52,7.18959,7.17056,0.01903,3.3
LATTICE (image+text),0,53,6.80874,6.78946,0.01928,3.3
LATTICE (image+text),0,54,6.58979,6.5702,0.01958,3.3
LATTICE (image+text),0,55,6.33467,6.31488,0.01979,3.3
LATTICE (image+text),0,56,6.049,6.02897,0.02003,3.3
LATTICE (image+text),0,57,5.81231,5.79205,0.02026,3.3
LATTICE (image+text),0,58,5.5893,5.56877,0.02053,3.3
LATTICE (image+text),0,59,5.34435,5.32362,0.02073,3.3
LATTICE (image+text),0,60,5.15452,5.13349,0.02103,3.3
LATTICE (image+text),0,61,4.99051,4.96929,0.02122,3.3
LATTICE (image+text),0,62,4.73771,4.71628,0.02143,3.3
LATTICE (image+text),0,63,4.61603,4.5944,0.02162,3.3
LATTICE (image+text),0,64,4.45544,4.43355,0.02189,3.3
LATTICE (image+text),0,65,4.32539,4.30327,0.02212,3.3
LATTICE (image+text),0,66,4.14678,4.12447,0.02231,3.3
LATTICE (image+text),0,67,4.00191,3.97946,0.02245,3.3
LATTICE (image+text),0,68,3.82101,3.79828,0.02274,3.3
LATTICE (image+text),0,69,3.7054,3.68248,0.02292,3.3
LATTICE (image+text),0,70,3.5513,3.52815,0.02315,3.3
LATTICE (image+text),0,71,3.40914,3.38583,0.02331,3.3
LATTICE (image+text),0,72,3.3551,3.33161,0.02349,3.3
LATTICE (image+text),0,73,3.22859,3.20488,0.02371,3.3
LATTICE (image+text),0,74,3.09274,3.06886,0.02388,3.3
LATTICE (image+text),0,75,3.01516,2.9911,0.02405,3.3
LATTICE (image+text),0,76,2.92321,2.89892,0.02429,3.3
LATTICE (image+text),0,77,2.80411,2.77964,0.02447,3.3
LATTICE (image+text),0,78,2.73698,2.71236,0.02461,3.3
LATTICE (image+text),0,79,2.58432,2.5595,0.02482,3.3
LATTICE (image+text),0,80,2.53009,2.50514,0.02495,3.3
LATTICE (image+text),0,81,2.50955,2.48441,0.02514,3.3
LATTICE (image+text),0,82,2.36046,2.33511,0.02535,3.3
LATTICE (image+text),0,83,2.32852,2.30305,0.02547,3.3
LATTICE (image+text),0,84,2.28115,2.25547,0.02568,3.3
LATTICE (image+text),0,85,2.24856,2.22271,0.02585,3.3
LATTICE (image+text),0,86,2.09398,2.06795,0.02602,3.3
LATTICE (image+text),0,87,2.05713,2.03096,0.02617,3.3
LATTICE (image+text),0,88,2.00707,1.98074,0.02633,3.3
LATTICE (image+text),0,89,1.9321,1.90566,0.02644,3.3
LATTICE (image+text),0,90,1.87793,1.85134,0.02659,3.3
LATTICE (image+text),0,91,1.85362,1.82681,0.02681,3.3
LATTICE (image+text),0,92,1.77055,1.74358,0.02697,3.3
LATTICE (image+text),0,93,1.7238,1.69665,0.02715,3.3
LATTICE (image+text),0,94,1.68873,1.66146,0.02727,3.3
LATTICE (image+text),0,95,1.66159,1.63419,0.02741,3.3
LATTICE (image+text),0,96,1.59186,1.56434,0.02753,3.3
LATTICE (image+text),0,97,1.54344,1.51569,0.02775,3.3
LATTICE (image+text),0,98,1.54498,1.51715,0.02784,3.3
LATTICE (image+text),0,99,1.47094,1.44295,0.02799,3.3
LATTICE (image+text),0,100,1.43137,1.40322,0.02815,3.3
LATTICE (image+text),0,101,1.39987,1.37159,0.02828,3.3
LATTICE (image+text),0,102,1.38485,1.35641,0.02844,3.3
LATTICE (image+text),0,103,1.3164,1.28783,0.02857,3.3
LATTICE (image+text),0,104,1.28237,1.25366,0.0287,3.3
LATTICE (image+text),0,105,1.25284,1.22397,0.02887,3.3
LATTICE (image+text),0,106,1.21645,1.18746,0.02899,3.3
LATTICE (image+text),0,107,1.21443,1.18527,0.02916,3.3
LATTICE (image+text),0,108,1.16482,1.13555,0.02927,3.3
LATTICE (image+text),0,109,1.18351,1.15413,0.02938,3.3
LATTICE (image+text),0,110,1.12073,1.09125,0.02948,3.3
LATTICE (image+text),0,111,1.12418,1.09455,0.02963,3.3
LATTICE (image+text),0,112,1.08461,1.05484,0.02977,3.3
LATTICE (image+text),0,113,1.03333,1.00346,0.02987,3.3
LATTICE (image+text),0,114,1.02013,0.99011,0.03002,3.3
LATTICE (image+text),0,115,1.02221,0.99205,0.03016,3.3
LATTICE (image+text),0,116,0.98155,0.95132,0.03023,3.3
LATTICE (image+text),0,117,0.96345,0.93302,0.03043,3.3
LATTICE (image+text),0,118,0.9369,0.90648,0.03042,3.3
LATTICE (image+text),0,119,0.93462,0.90401,0.03061,3.3
LATTICE (image+text),0,120,0.89486,0.86413,0.03073,3.3
LATTICE (image+text),0,121,0.9047,0.87383,0.03087,3.3
LATTICE (image+text),0,122,0.847,0.81603,0.03098,3.3
LATTICE (image+text),0,123,0.83632,0.8052,0.03112,3.2
LATTICE (image+text),0,124,0.81624,0.78502,0.03122,3.3
LATTICE (image+text),0,125,0.82612,0.7948,0.03132,3.3
LATTICE (image+text),0,126,0.78524,0.75382,0.03142,3.3
LATTICE (image+text),0,127,0.77314,0.7416,0.03154,3.3
LATTICE (image+text),0,128,0.763,0.73139,0.03161,3.3
LATTICE (image+text),0,129,0.7484,0.71665,0.03175,3.3
LATTICE (image+text),0,130,0.73204,0.70019,0.03185,3.3
LATTICE (image+text),0,131,0.72214,0.69022,0.03192,3.3
LATTICE (image+text),0,132,0.71055,0.67852,0.03203,3.3
LATTICE (image+text),0,133,0.69332,0.66112,0.03219,3.3
LATTICE (image+text),0,134,0.66099,0.62872,0.03228,3.3
LATTICE (image+text),0,135,0.66284,0.6305,0.03234,3.3
LATTICE (image+text),0,136,0.66477,0.63235,0.03242,3.3
LATTICE (image+text),0,137,0.63759,0.60504,0.03255,3.3
LATTICE (image+text),0,138,0.61723,0.58456,0.03267,3.3
LATTICE (image+text),0,139,0.63103,0.59828,0.03275,3.3
LATTICE (image+text),0,140,0.59757,0.56468,0.0329,3.3
LATTICE (image+text),0,141,0.59241,0.55943,0.03298,3.3
LATTICE (image+text),0,142,0.59809,0.56499,0.0331,3.3
LATTICE (image+text),0,143,0.57541,0.54228,0.03313,3.3
LATTICE (image+text),0,144,0.56835,0.5351,0.03325,3.3
LATTICE (image+text),0,145,0.57252,0.5392,0.03332,3.3
LATTICE (image+text),0,146,0.55232,0.51888,0.03344,3.3
LATTICE (image+text),0,147,0.52791,0.49438,0.03353,3.3
LATTICE (image+text),0,148,0.52556,0.49197,0.03359,3.3
LATTICE (image+text),0,149,0.52664,0.49292,0.03372,3.3
LATTICE (image+text),0,150,0.51403,0.48023,0.0338,3.3
LATTICE (image+text),0,151,0.5033,0.46943,0.03386,3.3
LATTICE (image+text),0,152,0.49675,0.46278,0.03397,3.3
LATTICE (image+text),0,153,0.49334,0.45931,0.03403,3.3
LATTICE (image+text),0,154,0.47675,0.44262,0.03413,3.3
LATTICE (image+text),0,155,0.48154,0.4473,0.03424,3.3
LATTICE (image+text),0,156,0.48304,0.4487,0.03434,3.3
LATTICE (image+text),0,157,0.47296,0.43858,0.03438,3.3
LATTICE (image+text),0,158,0.47201,0.43752,0.03449,3.3
LATTICE (image+text),0,159,0.45518,0.42057,0.03461,3.3
LATTICE (image+text),0,160,0.47529,0.44062,0.03467,3.3
LATTICE (image+text),0,161,0.4502,0.41551,0.03469,3.3
LATTICE (image+text),0,162,0.41949,0.38466,0.03482,3.3
LATTICE (image+text),0,163,0.4181,0.38321,0.03488,3.3
LATTICE (image+text),0,164,0.42277,0.38785,0.03492,3.3
LATTICE (image+text),0,165,0.4297,0.39466,0.03505,3.3
LATTICE (image+text),0,166,0.40225,0.36713,0.03512,3.3
LATTICE (image+text),0,167,0.41085,0.37564,0.0352,3.3
LATTICE (image+text),0,168,0.3813,0.34599,0.03531,3.3
LATTICE (image+text),0,169,0.40263,0.36726,0.03537,3.3
LATTICE (image+text),0,170,0.37899,0.34356,0.03543,3.3
LATTICE (image+text),1,0,103.04945,103.04775,0.0017,3.3
LATTICE (image+text),1,1,100.82025,100.81848,0.00178,3.1
LATTICE (image+text),1,2,98.25555,98.25367,0.00188,3.1
LATTICE (image+text),1,3,95.39405,95.39204,0.00202,3.1
LATTICE (image+text),1,4,92.161,92.15881,0.00219,3.1
LATTICE (image+text),1,5,88.62599,88.62359,0.00239,3.1
LATTICE (image+text),1,6,84.76405,84.7614,0.00265,3.1
LATTICE (image+text),1,7,80.76366,80.76072,0.00293,3.1
LATTICE (image+text),1,8,76.55055,76.54729,0.00326,3.1
LATTICE (image+text),1,9,72.38646,72.38285,0.00361,3.1
LATTICE (image+text),1,10,68.30423,68.30025,0.00398,3.1
LATTICE (image+text),1,11,64.25874,64.25435,0.00438,3.1
LATTICE (image+text),1,12,60.49832,60.49353,0.00479,3.1
LATTICE (image+text),1,13,56.62364,56.61843,0.00521,3.1
LATTICE (image+text),1,14,53.30957,53.30393,0.00563,3.1
LATTICE (image+text),1,15,49.96284,49.95677,0.00607,3.1
LATTICE (image+text),1,16,47.01974,47.01324,0.0065,3.1
LATTICE (image+text),1,17,44.10607,44.09912,0.00695,3.1
LATTICE (image+text),1,18,41.5079,41.50054,0.00736,3.1
LATTICE (image+text),1,19,39.03039,39.02261,0.00778,3.1
LATTICE (image+text),1,20,36.69992,36.69171,0.00821,3.1
LATTICE (image+text),1,21,34.49394,34.48531,0.00862,3.1
LATTICE (image+text),1,22,32.38318,32.3741,0.00908,3.1
LATTICE (image+text),1,23,30.50901,30.49952,0.00949,3.1
LATTICE (image+text),1,24,28.88727,28.87739,0.00988,3.1
LATTICE (image+text),1,25,27.25505,27.24477,0.01028,3.1
LATTICE (image+text),1,26,25.69686,25.68618,0.01068,3.2
LATTICE (image+text),1,27,24.35549,24.34441,0.01108,3.1
LATTICE (image+text),1,28,23.03619,23.02474,0.01145,3.1
LATTICE (image+text),1,29,21.70979,21.69797,0.01182,3.1
LATTICE (image+text),1,30,20.47814,20.46595,0.01219,3.1
LATTICE (image+text),1,31,19.47939,19.46681,0.01258,3.1
LATTICE (image+text),1,32,18.44856,18.43562,0.01294,3.1
LATTICE (image+text),1,33,17.52444,17.51117,0.01327,3.1
LATTICE (image+text),1,34,16.63814,16.62449,0.01366,3.1
LATTICE (image+text),1,35,15.81141,15.79747,0.01395,3.1
LATTICE (image+text),1,36,14.98484,14.97052,0.01431,3.1
LATTICE (image+text),1,37,14.32603,14.31142,0.0146,3.1
LATTICE (image+text),1,38,13.63488,13.61994,0.01495,3.1
LATTICE (image+text),1,39,12.82398,12.80868,0.01531,3.1
LATTICE (image+text),1,40,12.27047,12.25487,0.0156,3.1
LATTICE (image+text),1,41,11.71313,11.69726,0.01587,3.2
LATTICE (image+text),1,42,11.19513,11.1789,0.01623,3.1
LATTICE (image+text),1,43,10.78185,10.76537,0.01648,3.1
LATTICE (image+text),1,44,10.21139,10.19461,0.01677,3.1
LATTICE (image+text),1,45,9.74514,9.72808,0.01706,3.1
LATTICE (image+text),1,46,9.3494,9.33204,0.01735,3.1
LATTICE (image+text),1,47,9.02732,9.00971,0.01761,3.1
LATTICE (image+text),1,48,8.52847,8.51059,0.01788,3.1
LATTICE (image+text),1,49,8.21353,8.19535,0.01818,3.1
LATTICE (image+text),1,50,7.83723,7.8188,0.01843,3.1
LATTICE (image+text),1,51,7.55746,7.5388,0.01866,3.1
LATTICE (image+text),1,52,7.16008,7.14109,0.01899,3.1
LATTICE (image+text),1,53,6.85247,6.8333,0.01917,3.1
LATTICE (image+text),1,54,6.62529,6.60582,0.01947,3.1
LATTICE (image+text),1,55,6.37485,6.35519,0.01966,3.1
LATTICE (image+text),1,56,6.0591,6.03919,0.0199,3.1
LATTICE (image+text),1,57,5.83947,5.81926,0.02021,3.1
LATTICE (image+text),1,58,5.63805,5.61759,0.02046,3.1
LATTICE (image+text),1,59,5.39821,5.37762,0.02059,3.1
LATTICE (image+text),1,60,5.14903,5.12815,0.02088,3.2
LATTICE (image+text),1,61,5.02242,5.00132,0.02111,3.1
LATTICE (image+text),1,62,4.82213,4.80082,0.02131,3.1
LATTICE (image+text),1,63,4.63987,4.61832,0.02155,3.1
LATTICE (image+text),1,64,4.48981,4.46804,0.02177,3.1
LATTICE (image+text),1,65,4.33448,4.31251,0.02196,3.1
LATTICE (image+text),1,66,4.16584,4.14372,0.02212,3.1
LATTICE (image+text),1,67,4.02418,4.00179,0.02239,3.1
LATTICE (image+text),1,68,3.87816,3.85557,0.02258,3.1
LATTICE (image+text),1,69,3.68467,3.6619,0.02277,3.1
LATTICE (image+text),1,70,3.62546,3.60243,0.02303,3.1
LATTICE (image+text),1,71,3.47375,3.45059,0.02316,3.1
LATTICE (image+text),1,72,3.43475,3.41143,0.02332,3.1
LATTICE (image+text),1,73,3.23476,3.21123,0.02353,3.1
LATTICE (image+text),1,74,3.14166,3.11792,0.02374,3.1
LATTICE (image+text),1,75,3.05653,3.0326,0.02392,3.1
LATTICE (image+text),1,76,2.99303,2.96892,0.02411,3.1
LATTICE (image+text),1,77,2.86344,2.83914,0.0243,3.1
LATTICE (image+text),1,78,2.7522,2.7277,0.02449,3.1
LATTICE (image+text),1,79,2.69134,2.66666,0.02468,3.1
LATTICE (image+text),1,80,2.55751,2.53265,0.02486,3.1
LATTICE (image+text),1,81,2.47707,2.45203,0.02503,3.1
LATTICE (image+text),1,82,2.42305,2.39786,0.02519,3.1
LATTICE (image+text),1,83,2.3084,2.28305,0.02534,3.1
LATTICE (image+text),1,84,2.30361,2.2781,0.02551,3.1
LATTICE (image+text),1,85,2.22862,2.20298,0.02565,3.1
LATTICE (image+text),1,86,2.15019,2.12439,0.0258,3.1
LATTICE (image+text),1,87,2.11024,2.08423,0.02602,3.1
LATTICE (image+text),1,88,2.0392,2.01308,0.02612,3.1
LATTICE (image+text),1,89,1.98323,1.95688,0.02635,3.1
LATTICE (image+text),1,90,1.92492,1.89842,0.0265,3.1
LATTICE (image+text),1,91,1.8492,1.8225,0.02671,3.1
LATTICE (image+text),1,92,1.78881,1.76201,0.0268,3.1
LATTICE (image+text),1,93,1.78119,1.75428,0.02691,3.1
LATTICE (image+text),1,94,1.74737,1.72031,0.02706,3.1
LATTICE (image+text),1,95,1.69149,1.66423,0.02726,3.1
LATTICE (image+text),1,96,1.60368,1.57629,0.02739,3.1
LATTICE (image+text),1,97,1.60665,1.57913,0.02752,3.1
LATTICE (image+text),1,98,1.53915,1.51147,0.02768,3.1
LATTICE (image+text),1,99,1.49298,1.46514,0.02784,3.1
LATTICE (image+text),1,100,1.49024,1.46231,0.02793,3.1
LATTICE (image+text),1,101,1.42826,1.40014,0.02812,3.2
LATTICE (image+text),1,102,1.40852,1.38027,0.02825,3.1
LATTICE (image+text),1,103,1.38383,1.35543,0.0284,3.1
LATTICE (image+text),1,104,1.34557,1.31708,0.0285,3.1
LATTICE (image+text),1,105,1.29133,1.26267,0.02865,3.1
LATTICE (image+text),1,106,1.23974,1.21094,0.0288,3.1
LATTICE (image+text),1,107,1.24426,1.21532,0.02893,3.1
LATTICE (image+text),1,108,1.18616,1.15709,0.02907,3.1
LATTICE (image+text),1,109,1.19508,1.16589,0.02919,3.1
LATTICE (image+text),1,110,1.14694,1.11765,0.02929,3.1
LATTICE (image+text),1,111,1.12743,1.09798,0.02945,3.1
LATTICE (image+text),1,112,1.08345,1.05387,0.02958,3.1
LATTICE (image+text),1,113,1.09212,1.06244,0.02969,3.1
LATTICE (image+text),1,114,1.03647,1.00666,0.02981,3.1
LATTICE (image+text),1,115,1.01469,0.98478,0.02992,3.1
LATTICE (image+text),1,116,1.02613,0.99606,0.03008,3.1
LATTICE (image+text),1,117,0.98431,0.95413,0.03018,3.1
LATTICE (image+text),1,118,0.93748,0.9072,0.03028,3.1
LATTICE (image+text),1,119,0.94033,0.90989,0.03045,3.1
LATTICE (image+text),1,120,0.93835,0.90785,0.0305,3.1
LATTICE (image+text),1,121,0.91568,0.88502,0.03066,3.1
LATTICE (image+text),1,122,0.87439,0.84361,0.03078,3.1
LATTICE (image+text),1,123,0.88208,0.85119,0.03088,3.1
LATTICE (image+text),1,124,0.84148,0.81054,0.03094,3.1
LATTICE (image+text),1,125,0.82,0.78891,0.03109,3.1
LATTICE (image+text),1,126,0.79877,0.76757,0.0312,3.1
LATTICE (image+text),1,127,0.77336,0.74202,0.03134,3.2
LATTICE (image+text),1,128,0.77433,0.74287,0.03146,3.1
LATTICE (image+text),1,129,0.76794,0.73634,0.03159,3.1
LATTICE (image+text),1,130,0.769,0.73736,0.03164,3.1
LATTICE (image+text),1,131,0.74081,0.70907,0.03174,3.1
LATTICE (image+text),1,132,0.73825,0.70636,0.03189,3.1
LATTICE (image+text),1,133,0.72452,0.69255,0.03197,3.1
LATTICE (image+text),1,134,0.67837,0.64632,0.03205,3.1
LATTICE (image+text),1,135,0.66161,0.62947,0.03214,3.1
LATTICE (image+text),1,136,0.68312,0.65087,0.03225,3.1
LATTICE (image+text),1,137,0.67004,0.63768,0.03236,3.1
LATTICE (image+text),1,138,0.64782,0.61534,0.03247,3.1
LATTICE (image+text),1,139,0.6324,0.5999,0.0325,3.1
LATTICE (image+text),1,140,0.62118,0.58851,0.03267,3.1
LATTICE (image+text),1,141,0.61978,0.587,0.03277,3.1
LATTICE (image+text),1,142,0.61913,0.58628,0.03285,3.1
LATTICE (image+text),1,143,0.5971,0.56414,0.03296,3.1
LATTICE (image+text),1,144,0.57552,0.54251,0.03301,3.1
LATTICE (image+text),1,145,0.57045,0.5373,0.03315,3.1
LATTICE (image+text),1,146,0.5764,0.54318,0.03321,3.1
LATTICE (image+text),1,147,0.57098,0.53764,0.03334,3.1
LATTICE (image+text),1,148,0.55951,0.52613,0.03338,3.1
LATTICE (image+text),1,149,0.53776,0.50424,0.03352,3.1
LATTICE (image+text),1,150,0.53399,0.50043,0.03356,3.1
LATTICE (image+text),1,151,0.49459,0.4609,0.03369,3.1
LATTICE (image+text),1,152,0.52687,0.49314,0.03374,3.1
LATTICE (image+text),1,153,0.50507,0.47123,0.03384,3.1
LATTICE (image+text),1,154,0.48503,0.4511,0.03393,3.1
LATTICE (image+text),1,155,0.47726,0.44321,0.03405,3.1
LATTICE (image+text),1,156,0.47622,0.44213,0.0341,3.1
LATTICE (image+text),1,157,0.48351,0.4493,0.03421,3.2
LATTICE (image+text),1,158,0.46998,0.43571,0.03427,3.1
LATTICE (image+text),1,159,0.44924,0.41487,0.03437,3.1
LATTICE (image+text),1,160,0.48068,0.44623,0.03445,3.1
LATTICE (image+text),1,161,0.4281,0.39358,0.03452,3.1
LATTICE (image+text),1,162,0.45324,0.41864,0.0346,3.1
LATTICE (image+text),1,163,0.42461,0.3899,0.0347,3.1
LATTICE (image+text),1,164,0.42772,0.39295,0.03477,3.1
LATTICE (image+text),1,165,0.42755,0.39269,0.03485,3.1
LATTICE (image+text),1,166,0.43842,0.40352,0.0349,3.1
LATTICE (image+text),1,167,0.41524,0.38025,0.03499,3.1
LATTICE (image+text),1,168,0.40561,0.37055,0.03506,3.1
LATTICE (image+text),1,169,0.41418,0.37902,0.03516,3.2
LATTICE (image+text),1,170,0.39325,0.35802,0.03523,3.1
LATTICE (image+text),1,171,0.38623,0.35089,0.03534,3.1
LATTICE (image+text),1,172,0.39061,0.35527,0.03534,3.1
LATTICE (image+text),1,173,0.4028,0.36735,0.03546,3.1
LATTICE (image+text),1,174,0.38049,0.34497,0.03552,3.1
LATTICE (image+text),1,175,0.38815,0.35254,0.03562,3.1
LATTICE (image+text),1,176,0.35738,0.32168,0.0357,3.1
LATTICE (image+text),1,177,0.37514,0.33944,0.0357,3.1
LATTICE (image+text),1,178,0.3474,0.3116,0.0358,3.1
LATTICE (image+text),1,179,0.34828,0.31241,0.03587,3.1
LATTICE (image+text),1,180,0.36325,0.3273,0.03595,3.1
LATTICE (image+text),1,181,0.34481,0.30882,0.03599,3.1
LATTICE (image+text),1,182,0.34035,0.30429,0.03607,3.1
LATTICE (image+text),1,183,0.33674,0.3006,0.03614,3.1
LATTICE (image+text),1,184,0.3358,0.29957,0.03623,3.1
LATTICE (image+text),1,185,0.3352,0.29891,0.0363,3.1
LATTICE (image+text),1,186,0.32717,0.29086,0.03631,3.1
LATTICE (image+text),1,187,0.32754,0.29112,0.03642,3.1
LATTICE (image+text),1,188,0.30961,0.27318,0.03643,3.1
LATTICE (image+text),1,189,0.30405,0.26754,0.03651,3.1
LATTICE (image+text),1,190,0.31976,0.28317,0.03659,3.2
LATTICE (image+text),2,0,103.05514,103.05343,0.0017,3.3
LATTICE (image+text),2,1,100.80575,100.80398,0.00178,3.1
LATTICE (image+text),2,2,98.24543,98.24355,0.00188,3.2
LATTICE (image+text),2,3,95.39845,95.39643,0.00202,3.1
LATTICE (image+text),2,4,92.13861,92.13642,0.00219,3.1
LATTICE (image+text),2,5,88.64996,88.64756,0.0024,3.1
LATTICE (image+text),2,6,84.85304,84.8504,0.00265,3.1
LATTICE (image+text),2,7,80.78613,80.78319,0.00294,3.1
LATTICE (image+text),2,8,76.6614,76.65814,0.00326,3.1
LATTICE (image+text),2,9,72.53715,72.53354,0.00361,3.1
LATTICE (image+text),2,10,68.2834,68.27941,0.00399,3.1
LATTICE (image+text),2,11,64.31243,64.30805,0.00438,3.1
LATTICE (image+text),2,12,60.31932,60.31451,0.00482,3.1
LATTICE (image+text),2,13,56.84197,56.83674,0.00523,3.1
LATTICE (image+text),2,14,53.2739,53.26824,0.00566,3.1
LATTICE (image+text),2,15,50.1699,50.16382,0.00607,3.1
LATTICE (image+text),2,16,47.16727,47.16075,0.00651,3.1
LATTICE (image+text),2,17,44.2533,44.24636,0.00693,3.1
LATTICE (image+text),2,18,41.647,41.63963,0.00738,3.1
LATTICE (image+text),2,19,39.09108,39.08325,0.00783,3.1
LATTICE (image+text),2,20,36.6979,36.68965,0.00825,3.2
LATTICE (image+text),2,21,34.53391,34.52521,0.0087,3.1
LATTICE (image+text),2,22,32.61747,32.60836,0.0091,3.1
LATTICE (image+text),2,23,30.76333,30.75385,0.00948,3.1
LATTICE (image+text),2,24,28.9919,28.98198,0.00992,3.1
LATTICE (image+text),2,25,27.19379,27.18348,0.01032,3.1
LATTICE (image+text),2,26,25.82244,25.81172,0.01072,3.1
LATTICE (image+text),2,27,24.35995,24.34883,0.01112,3.1
LATTICE (image+text),2,28,23.01296,23.00147,0.01148,3.1
LATTICE (image+text),2,29,21.8003,21.7884,0.01189,3.1
LATTICE (image+text),2,30,20.57692,20.56466,0.01226,3.1
LATTICE (image+text),2,31,19.62234,19.60972,0.01261,3.1
LATTICE (image+text),2,32,18.61831,18.60537,0.01293,3.1
LATTICE (image+text),2,33,17.68028,17.66695,0.01333,3.1
LATTICE (image+text),2,34,16.5957,16.58199,0.01371,3.1
LATTICE (image+text),2,35,15.88338,15.86936,0.01402,3.2
LATTICE (image+text),2,36,15.03533,15.02098,0.01435,3.1
LATTICE (image+text),2,37,14.30682,14.29215,0.01467,3.1
LATTICE (image+text),2,38,13.65571,13.64073,0.01497,3.1
LATTICE (image+text),2,39,13.04205,13.02672,0.01533,3.1
LATTICE (image+text),2,40,12.367,12.35137,0.01563,3.1
LATTICE (image+text),2,41,11.8197,11.80375,0.01596,3.1
LATTICE (image+text),2,42,11.27388,11.25764,0.01623,3.1
LATTICE (image+text),2,43,10.71075,10.69419,0.01657,3.1
LATTICE (image+text),2,44,10.21869,10.20182,0.01687,3.1
LATTICE (image+text),2,45,9.69923,9.68207,0.01715,3.1
LATTICE (image+text),2,46,9.30423,9.28679,0.01744,3.1
LATTICE (image+text),2,47,8.92841,8.91068,0.01773,3.1
LATTICE (image+text),2,48,8.61708,8.59913,0.01795,3.1
LATTICE (image+text),2,49,8.20453,8.18629,0.01824,3.1
LATTICE (image+text),2,50,7.81761,7.79912,0.0185,3.1
LATTICE (image+text),2,51,7.49988,7.48113,0.01875,3.1
LATTICE (image+text),2,52,7.19799,7.179,0.01899,3.1
LATTICE (image+text),2,53,6.91859,6.8993,0.01929,3.1
LATTICE (image+text),2,54,6.59266,6.57312,0.01955,3.2
LATTICE (image+text),2,55,6.33762,6.31782,0.0198,3.1
LATTICE (image+text),2,56,6.03747,6.01748,0.01998,3.1
LATTICE (image+text),2,57,5.90713,5.88688,0.02025,3.1
LATTICE (image+text),2,58,5.56026,5.53974,0.02052,3.1
LATTICE (image+text),2,59,5.38699,5.36622,0.02078,3.1
LATTICE (image+text),2,60,5.21424,5.19326,0.02097,3.1
LATTICE (image+text),2,61,4.97646,4.95522,0.02123,3.1
LATTICE (image+text),2,62,4.82298,4.80153,0.02145,3.1
LATTICE (image+text),2,63,4.66913,4.64745,0.02168,3.1
LATTICE (image+text),2,64,4.45144,4.42957,0.02187,3.1
LATTICE (image+text),2,65,4.32091,4.29883,0.02207,3.1
LATTICE (image+text),2,66,4.18866,4.16637,0.02229,3.1
LATTICE (image+text),2,67,3.99737,3.97483,0.02254,3.1
LATTICE (image+text),2,68,3.87909,3.8564,0.02269,3.1
LATTICE (image+text),2,69,3.75341,3.73054,0.02287,3.1
LATTICE (image+text),2,70,3.59577,3.57269,0.02308,3.1
LATTICE (image+text),2,71,3.51625,3.49294,0.02331,3.1
LATTICE (image+text),2,72,3.37448,3.351,0.02348,3.1
LATTICE (image+text),2,73,3.27153,3.24785,0.02368,3.1
LATTICE (image+text),2,74,3.14407,3.12018,0.02389,3.1
LATTICE (image+text),2,75,3.02526,3.00118,0.02408,3.1
LATTICE (image+text),2,76,2.9053,2.88104,0.02426,3.1
LATTICE (image+text),2,77,2.80084,2.77638,0.02446,3.1
LATTICE (image+text),2,78,2.77715,2.7525,0.02465,3.1
LATTICE (image+text),2,79,2.64176,2.61698,0.02478,3.1
LATTICE (image+text),2,80,2.56078,2.53581,0.02497,3.1
LATTICE (image+text),2,81,2.49044,2.46526,0.02517,3.1
LATTICE (image+text),2,82,2.40941,2.38413,0.02528,3.1
LATTICE (image+text),2,83,2.37301,2.34749,0.02551,3.1
LATTICE (image+text),2,84,2.29184,2.26622,0.02562,3.1
LATTICE (image+text),2,85,2.21668,2.1909,0.02579,3.1
LATTICE (image+text),2,86,2.14628,2.12026,0.02602,3.1
LATTICE (image+text),2,87,2.09932,2.07313,0.02619,3.1
LATTICE (image+text),2,88,2.00425,1.97793,0.02632,3.1
LATTICE (image+text),2,89,1.99073,1.96423,0.0265,3.1
LATTICE (image+text),2,90,1.90783,1.88122,0.02661,3.1
LATTICE (image+text),2,91,1.86269,1.83588,0.02682,3.1
LATTICE (image+text),2,92,1.8042,1.77734,0.02687,3.1
LATTICE (image+text),2,93,1.71114,1.68407,0.02707,3.1
LATTICE (image+text),2,94,1.67947,1.65223,0.02724,3.1
LATTICE (image+text),2,95,1.63657,1.60915,0.02742,3.1
LATTICE (image+text),2,96,1.60152,1.57395,0.02757,3.1
LATTICE (image+text),2,97,1.57195,1.54421,0.02774,3.1
LATTICE (image+text),2,98,1.57149,1.54365,0.02784,3.1
LATTICE (image+text),2,99,1.49865,1.47064,0.02801,3.1
LATTICE (image+text),2,100,1.44638,1.41832,0.02806,3.1
LATTICE (image+text),2,101,1.41415,1.38585,0.0283,3.1
LATTICE (image+text),2,102,1.38646,1.35806,0.0284,3.1
LATTICE (image+text),2,103,1.32629,1.29773,0.02857,3.1
LATTICE (image+text),2,104,1.29288,1.2642,0.02868,3.1
LATTICE (image+text),2,105,1.26194,1.23312,0.02883,3.1
LATTICE (image+text),2,106,1.25541,1.22643,0.02898,3.1
LATTICE (image+text),2,107,1.25793,1.22882,0.02911,3.1
LATTICE (image+text),2,108,1.20132,1.17203,0.02929,3.1
LATTICE (image+text),2,109,1.17954,1.15017,0.02937,3.1
LATTICE (image+text),2,110,1.13728,1.10779,0.02949,3.1
LATTICE (image+text),2,111,1.10269,1.07305,0.02965,3.2
LATTICE (image+text),2,112,1.09919,1.06946,0.02973,3.1
LATTICE (image+text),2,113,1.0465,1.01667,0.02982,3.1
LATTICE (image+text),2,114,1.01648,0.98649,0.02999,3.1
LATTICE (image+text),2,115,1.02834,0.99824,0.0301,3.2
LATTICE (image+text),2,116,1.00225,0.97205,0.0302,3.1
LATTICE (image+text),2,117,0.98214,0.95176,0.03038,3.1
LATTICE (image+text),2,118,0.94617,0.91565,0.03052,3.1
LATTICE (image+text),2,119,0.95909,0.92844,0.03065,3.1
LATTICE (image+text),2,120,0.91637,0.88565,0.03072,3.1
LATTICE (image+text),2,121,0.88009,0.84924,0.03084,3.1
LATTICE (image+text),2,122,0.8652,0.83422,0.03098,3.1
LATTICE (image+text),2,123,0.87088,0.83974,0.03113,3.1
LATTICE (image+text),2,124,0.84403,0.81285,0.03118,3.1
LATTICE (image+text),2,125,0.80149,0.77021,0.03128,3.1
LATTICE (image+text),2,126,0.79782,0.76639,0.03144,3.1
LATTICE (image+text),2,127,0.80127,0.76975,0.03152,3.1
LATTICE (image+text),2,128,0.7773,0.74566,0.03164,3.1
LATTICE (image+text),2,129,0.77356,0.74183,0.03173,3.1
LATTICE (image+text),2,130,0.7385,0.70664,0.03187,3.1
LATTICE (image+text),2,131,0.70254,0.67061,0.03193,3.1
LATTICE (image+text),2,132,0.70082,0.66877,0.03205,3.1
LATTICE (image+text),2,133,0.7111,0.67897,0.03213,3.1
LATTICE (image+text),2,134,0.67667,0.6444,0.03227,3.1
LATTICE (image+text),2,135,0.70731,0.67494,0.03237,3.1
LATTICE (image+text),2,136,0.67534,0.6429,0.03243,3.1
LATTICE (image+text),2,137,0.63932,0.60675,0.03257,3.1
LATTICE (image+text),2,138,0.63292,0.60028,0.03264,3.1
LATTICE (image+text),2,139,0.62205,0.58923,0.03283,3.1
LATTICE (image+text),2,140,0.61448,0.58161,0.03287,3.1
LATTICE (image+text),2,141,0.60333,0.57041,0.03292,3.1
LATTICE (image+text),2,142,0.58548,0.55242,0.03306,3.1
LATTICE (image+text),2,143,0.57328,0.54014,0.03314,3.1
LATTICE (image+text),2,144,0.58686,0.55367,0.0332,3.1
LATTICE (image+text),2,145,0.55844,0.52508,0.03336,3.1
LATTICE (image+text),2,146,0.53695,0.50353,0.03342,3.1
LATTICE (image+text),2,147,0.53285,0.49932,0.03353,3.1
LATTICE (image+text),2,148,0.5337,0.50006,0.03364,3.1
LATTICE (image+text),2,149,0.50619,0.47249,0.03369,3.1
LATTICE (image+text),2,150,0.51364,0.47985,0.03379,3.1
LATTICE + object graph,0,0,103.08196,103.08028,0.00168,3.5
LATTICE + object graph,0,1,100.83638,100.83462,0.00176,3.3
LATTICE + object graph,0,2,98.23586,98.23398,0.00188,3.3
LATTICE + object graph,0,3,95.2981,95.29607,0.00203,3.3
LATTICE + object graph,0,4,91.97218,91.96996,0.00222,3.3
LATTICE + object graph,0,5,88.23579,88.23333,0.00246,3.3
LATTICE + object graph,0,6,84.30028,84.29754,0.00274,3.3
LATTICE + object graph,0,7,80.07117,80.06811,0.00307,3.3
LATTICE + object graph,0,8,75.70623,75.7028,0.00343,3.3
LATTICE + object graph,0,9,71.46247,71.45865,0.00382,3.3
LATTICE + object graph,0,10,67.27339,67.26915,0.00424,3.3
LATTICE + object graph,0,11,63.24134,63.23667,0.00466,3.3
LATTICE + object graph,0,12,59.30112,59.29601,0.00511,3.3
LATTICE + object graph,0,13,55.66974,55.66418,0.00556,3.3
LATTICE + object graph,0,14,52.19108,52.18504,0.00604,3.3
LATTICE + object graph,0,15,48.93563,48.92915,0.00648,3.3
LATTICE + object graph,0,16,45.93836,45.93142,0.00694,3.3
LATTICE + object graph,0,17,43.17858,43.1712,0.00738,3.3
LATTICE + object graph,0,18,40.46312,40.45524,0.00787,3.3
LATTICE + object graph,0,19,38.11157,38.10328,0.0083,3.3
LATTICE + object graph,0,20,35.79328,35.78454,0.00874,3.3
LATTICE + object graph,0,21,33.76187,33.7527,0.00918,3.3
LATTICE + object graph,0,22,31.86549,31.85591,0.00957,3.3
LATTICE + object graph,0,23,29.97824,29.96822,0.01002,3.3
LATTICE + object graph,0,24,28.26211,28.25169,0.01042,3.3
LATTICE + object graph,0,25,26.69655,26.68571,0.01084,3.3
LATTICE + object graph,0,26,25.23142,25.22018,0.01124,3.3
LATTICE + object graph,0,27,23.74985,23.73819,0.01167,3.3
LATTICE + object graph,0,28,22.44277,22.43071,0.01206,3.3
LATTICE + object graph,0,29,21.41756,21.40515,0.01242,3.3
LATTICE + object graph,0,30,20.26288,20.25013,0.01275,3.3
LATTICE + object graph,0,31,19.16432,19.15115,0.01317,3.3
LATTICE + object graph,0,32,18.09288,18.07931,0.01357,3.3
LATTICE + object graph,0,33,17.30865,17.29478,0.01387,3.3
LATTICE + object graph,0,34,16.32809,16.31387,0.01423,3.3
LATTICE + object graph,0,35,15.54356,15.52896,0.0146,3.3
LATTICE + object graph,0,36,14.79296,14.77801,0.01495,3.3
LATTICE + object graph,0,37,14.04332,14.02808,0.01524,3.3
LATTICE + object graph,0,38,13.4369,13.42136,0.01554,3.3
LATTICE + object graph,0,39,12.66832,12.65242,0.0159,3.3
LATTICE + object graph,0,40,12.15878,12.1426,0.01619,3.3
LATTICE + object graph,0,41,11.61527,11.59878,0.01649,3.3
LATTICE + object graph,0,42,11.02485,11.00804,0.01681,3.3
LATTICE + object graph,0,43,10.65358,10.63652,0.01706,3.3
LATTICE + object graph,0,44,10.16713,10.14975,0.01738,3.3
LATTICE + object graph,0,45,9.55656,9.53889,0.01767,3.3
LATTICE + object graph,0,46,9.2329,9.21489,0.01802,3.3
LATTICE + object graph,0,47,8.7885,8.77026,0.01824,3.3
LATTICE + object graph,0,48,8.38304,8.36452,0.01852,3.3
LATTICE + object graph,0,49,8.05701,8.03823,0.01878,3.3
LATTICE + object graph,0,50,7.72392,7.70484,0.01908,3.3
LATTICE + object graph,0,51,7.45539,7.43609,0.0193,3.3
LATTICE + object graph,0,52,7.14695,7.12739,0.01957,3.3
LATTICE + object graph,0,53,6.79614,6.77633,0.01981,3.3
LATTICE + object graph,0,54,6.57055,6.55044,0.02011,3.3
LATTICE + object graph,0,55,6.32184,6.30152,0.02032,3.3
LATTICE + object graph,0,56,6.03115,6.01059,0.02055,3.3
LATTICE + object graph,0,57,5.82045,5.79967,0.02078,3.3
LATTICE + object graph,0,58,5.58959,5.56854,0.02105,3.3
LATTICE + object graph,0,59,5.3446,5.32335,0.02124,3.3
LATTICE + object graph,0,60,5.14395,5.12242,0.02153,3.3
LATTICE + object graph,0,61,4.97905,4.95733,0.02172,3.3
LATTICE + object graph,0,62,4.73362,4.71169,0.02193,3.3
LATTICE + object graph,0,63,4.60051,4.57839,0.02212,3.3
LATTICE + object graph,0,64,4.46598,4.4436,0.02238,3.3
LATTICE + object graph,0,65,4.30731,4.28469,0.02261,3.3
LATTICE + object graph,0,66,4.15628,4.13349,0.02279,3.4
LATTICE + object graph,0,67,4.01465,3.99172,0.02293,3.3
LATTICE + object graph,0,68,3.82611,3.80289,0.02321,3.3
LATTICE + object graph,0,69,3.72107,3.69767,0.0234,3.3
LATTICE + object graph,0,70,3.59568,3.57205,0.02363,3.3
LATTICE + object graph,0,71,3.44332,3.41953,0.02379,3.3
LATTICE + object graph,0,72,3.38853,3.36456,0.02397,3.3
LATTICE + object graph,0,73,3.23082,3.20664,0.02418,3.3
LATTICE + object graph,0,74,3.10877,3.08442,0.02435,3.3
LATTICE + object graph,0,75,3.04109,3.01657,0.02452,3.3
LATTICE + object graph,0,76,2.93617,2.91141,0.02476,3.3
LATTICE + object graph,0,77,2.82112,2.79619,0.02493,3.3
LATTICE + object graph,0,78,2.75982,2.73475,0.02507,3.3
LATTICE + object graph,0,79,2.61103,2.58575,0.02528,3.3
LATTICE + object graph,0,80,2.54512,2.51972,0.0254,3.3
LATTICE + object graph,0,81,2.53524,2.50965,0.02559,3.3
LATTICE + object graph,0,82,2.39124,2.36544,0.0258,3.3
LATTICE + object graph,0,83,2.34796,2.32204,0.02592,3.3
LATTICE + object graph,0,84,2.31884,2.29271,0.02612,3.3
LATTICE + object graph,0,85,2.28491,2.25862,0.02629,3.3
LATTICE + object graph,0,86,2.12777,2.10131,0.02646,3.3
LATTICE + object graph,0,87,2.07725,2.05064,0.02661,3.3
LATTICE + object graph,0,88,2.04816,2.0214,0.02677,3.3
LATTICE + object graph,0,89,1.95992,1.93305,0.02687,3.3
LATTICE + object graph,0,90,1.90195,1.87494,0.02702,3.3
LATTICE + object graph,0,91,1.89909,1.87186,0.02724,3.3
LATTICE + object graph,0,92,1.78761,1.76022,0.0274,3.3
LATTICE + object graph,0,93,1.76314,1.73557,0.02757,3.3
LATTICE + object graph,0,94,1.71477,1.68709,0.02769,3.3
LATTICE + object graph,0,95,1.68178,1.65395,0.02782,3.3
LATTICE + object graph,0,96,1.61227,1.58433,0.02794,3.3
LATTICE + object graph,0,97,1.575,1.54683,0.02817,3.3
LATTICE + object graph,0,98,1.57556,1.54731,0.02825,3.3
LATTICE + object graph,0,99,1.50531,1.47692,0.02839,3.3
LATTICE + object graph,0,100,1.46101,1.43246,0.02855,3.3
LATTICE + object graph,0,101,1.41495,1.38627,0.02869,3.3
LATTICE + object graph,0,102,1.40311,1.37427,0.02884,3.3
LATTICE + object graph,0,103,1.34334,1.31437,0.02897,3.3
LATTICE + object graph,0,104,1.3206,1.29151,0.0291,3.3
LATTICE + object graph,0,105,1.28405,1.25479,0.02926,3.3
LATTICE + object graph,0,106,1.22485,1.19547,0.02938,3.3
LATTICE + object graph,0,107,1.23873,1.20918,0.02955,3.3
LATTICE + object graph,0,108,1.20051,1.17085,0.02966,3.3
LATTICE + object graph,0,109,1.20991,1.18014,0.02977,3.3
LATTICE + object graph,0,110,1.15801,1.12814,0.02986,3.3
LATTICE + object graph,0,111,1.14253,1.11252,0.03001,3.3
LATTICE + object graph,0,112,1.098,1.06786,0.03014,3.3
LATTICE + object graph,0,113,1.07238,1.04213,0.03025,3.3
LATTICE + object graph,0,114,1.04799,1.0176,0.03039,3.3
LATTICE + object graph,0,115,1.04981,1.01927,0.03053,3.3
LATTICE + object graph,0,116,1.02564,0.99504,0.0306,3.3
LATTICE + object graph,0,117,0.98881,0.95801,0.0308,3.3
LATTICE + object graph,0,118,0.9732,0.94242,0.03078,3.3
LATTICE + object graph,0,119,0.96392,0.93296,0.03096,3.3
LATTICE + object graph,0,120,0.91219,0.8811,0.03109,3.3
LATTICE + object graph,0,121,0.9267,0.89548,0.03123,3.3
LATTICE + object graph,0,122,0.87133,0.83999,0.03134,3.3
LATTICE + object graph,0,123,0.87039,0.83891,0.03147,3.3
LATTICE + object graph,0,124,0.84826,0.81669,0.03157,3.3
LATTICE + object graph,0,125,0.86157,0.82991,0.03166,3.3
LATTICE + object graph,0,126,0.8069,0.77513,0.03177,3.3
LATTICE + object graph,0,127,0.80368,0.77179,0.03189,3.3
LATTICE + object graph,0,128,0.78867,0.75671,0.03196,3.3
LATTICE + object graph,0,129,0.76723,0.73513,0.03209,3.3
LATTICE + object graph,0,130,0.75966,0.72747,0.03219,3.3
LATTICE + object graph,0,131,0.74754,0.71528,0.03227,3.3
LATTICE + object graph,0,132,0.75525,0.72288,0.03237,3.3
LATTICE + object graph,0,133,0.71265,0.68011,0.03253,3.3
LATTICE + object graph,0,134,0.68652,0.65389,0.03262,3.3
LATTICE + object graph,0,135,0.68058,0.64791,0.03267,3.3
LATTICE + object graph,0,136,0.67517,0.64241,0.03276,3.3
LATTICE + object graph,0,137,0.65925,0.62637,0.03288,3.3
LATTICE + object graph,0,138,0.64238,0.60938,0.033,3.3
LATTICE + object graph,0,139,0.64035,0.60726,0.03309,3.3
LATTICE + object graph,0,140,0.60681,0.57359,0.03323,3.3
LATTICE + object graph,0,141,0.61365,0.58033,0.03331,3.3
LATTICE + object graph,0,142,0.61807,0.58465,0.03342,3.3
LATTICE + object graph,0,143,0.59935,0.56588,0.03346,3.3
LATTICE + object graph,0,144,0.58831,0.55474,0.03357,3.3
LATTICE + object graph,0,145,0.59688,0.56324,0.03365,3.3
LATTICE + object graph,0,146,0.56724,0.53347,0.03376,3.3
LATTICE + object graph,0,147,0.54969,0.51585,0.03385,3.3
LATTICE + object graph,0,148,0.55376,0.51985,0.03391,3.3
LATTICE + object graph,0,149,0.54071,0.50667,0.03404,3.3
LATTICE + object graph,0,150,0.55328,0.51916,0.03412,3.3
LATTICE + object graph,0,151,0.53104,0.49686,0.03418,3.3
LATTICE + object graph,0,152,0.51615,0.48186,0.03429,3.3
LATTICE + object graph,0,153,0.51243,0.47809,0.03434,3.3
LATTICE + object graph,0,154,0.4957,0.46126,0.03444,3.3
LATTICE + object graph,0,155,0.49478,0.46023,0.03454,3.3
LATTICE + object graph,0,156,0.49051,0.45586,0.03465,3.3
LATTICE + object graph,0,157,0.48599,0.4513,0.03469,3.3
LATTICE + object graph,0,158,0.49764,0.46284,0.0348,3.3
LATTICE + object graph,0,159,0.45872,0.42379,0.03493,3.3
LATTICE + object graph,0,160,0.48274,0.44775,0.03498,3.3
LATTICE + object graph,0,161,0.47027,0.43528,0.03499,3.3
LATTICE + object graph,0,162,0.4403,0.40517,0.03513,3.3
LATTICE + object graph,0,163,0.44106,0.40587,0.03519,3.3
LATTICE + object graph,0,164,0.44028,0.40505,0.03523,3.3
LATTICE + object graph,0,165,0.44086,0.40551,0.03535,3.3
LATTICE + object graph,0,166,0.42081,0.38539,0.03542,3.3
LATTICE + object graph,0,167,0.42408,0.38859,0.03549,3.3
LATTICE + object graph,0,168,0.39775,0.36215,0.0356,3.3
LATTICE + object graph,0,169,0.4157,0.38003,0.03567,3.3
LATTICE + object graph,0,170,0.39036,0.35463,0.03573,3.3
LATTICE + object graph,1,0,103.07543,103.07376,0.00168,3.2
LATTICE + object graph,1,1,100.85122,100.84946,0.00176,2.9
LATTICE + object graph,1,2,98.24744,98.24556,0.00187,2.9
LATTICE + object graph,1,3,95.30043,95.2984,0.00203,2.9
LATTICE + object graph,1,4,91.93991,91.93769,0.00222,2.9
LATTICE + object graph,1,5,88.23098,88.22852,0.00246,2.9
LATTICE + object graph,1,6,84.18382,84.18107,0.00275,2.9
LATTICE + object graph,1,7,79.99092,79.98785,0.00307,2.9
LATTICE + object graph,1,8,75.61948,75.61604,0.00344,2.9
LATTICE + object graph,1,9,71.35506,71.35123,0.00382,2.9
LATTICE + object graph,1,10,67.1692,67.16496,0.00424,2.9
LATTICE + object graph,1,11,63.08235,63.07768,0.00467,2.9
LATTICE + object graph,1,12,59.29224,59.28712,0.00512,2.9
LATTICE + object graph,1,13,55.42536,55.41979,0.00557,2.9
LATTICE + object graph,1,14,52.14168,52.13566,0.00602,2.9
LATTICE + object graph,1,15,48.84287,48.83639,0.00648,2.9
LATTICE + object graph,1,16,45.90239,45.89545,0.00694,2.9
LATTICE + object graph,1,17,43.03583,43.02843,0.00741,2.9
LATTICE + object graph,1,18,40.50962,40.50178,0.00784,2.9
LATTICE + object graph,1,19,38.05484,38.04656,0.00827,2.9
LATTICE + object graph,1,20,35.82736,35.81864,0.00872,2.9
LATTICE + object graph,1,21,33.63845,33.62929,0.00915,2.9
LATTICE + object graph,1,22,31.62331,31.61369,0.00962,2.9
LATTICE + object graph,1,23,29.77906,29.76902,0.01004,2.9
LATTICE + object graph,1,24,28.21904,28.2086,0.01044,2.9
LATTICE + object graph,1,25,26.63661,26.62576,0.01086,2.9
LATTICE + object graph,1,26,25.13309,25.12184,0.01125,2.9
LATTICE + object graph,1,27,23.82626,23.8146,0.01167,2.9
LATTICE + object graph,1,28,22.57661,22.56457,0.01203,2.9
LATTICE + object graph,1,29,21.28626,21.27385,0.01241,2.9
LATTICE + object graph,1,30,20.072,20.0592,0.0128,2.9
LATTICE + object graph,1,31,19.13795,19.12476,0.01318,2.9
LATTICE + object graph,1,32,18.08576,18.07221,0.01354,2.9
LATTICE + object graph,1,33,17.20099,17.1871,0.01388,2.9
LATTICE + object graph,1,34,16.32423,16.30996,0.01427,2.9
LATTICE + object graph,1,35,15.54672,15.53217,0.01456,2.9
LATTICE + object graph,1,36,14.7445,14.72958,0.01492,2.9
LATTICE + object graph,1,37,14.12392,14.10871,0.01521,2.9
LATTICE + object graph,1,38,13.43897,13.42341,0.01556,2.8
LATTICE + object graph,1,39,12.65075,12.63483,0.01592,2.9
LATTICE + object graph,1,40,12.11269,12.09648,0.01621,2.9
LATTICE + object graph,1,41,11.58006,11.5636,0.01647,2.9
LATTICE + object graph,1,42,11.04269,11.02585,0.01684,2.9
LATTICE + object graph,1,43,10.64747,10.63039,0.01708,2.9
LATTICE + object graph,1,44,10.0861,10.06872,0.01737,2.9
LATTICE + object graph,1,45,9.60769,9.59003,0.01766,2.9
LATTICE + object graph,1,46,9.27581,9.25786,0.01794,2.9
LATTICE + object graph,1,47,8.92719,8.90899,0.0182,2.9
LATTICE + object graph,1,48,8.44398,8.42551,0.01847,2.8
LATTICE + object graph,1,49,8.13137,8.1126,0.01877,2.9
LATTICE + object graph,1,50,7.7947,7.77568,0.01902,2.9
LATTICE + object graph,1,51,7.48178,7.46253,0.01924,2.9
LATTICE + object graph,1,52,7.10181,7.08224,0.01957,2.9
LATTICE + object graph,1,53,6.81096,6.79122,0.01974,2.9
LATTICE + object graph,1,54,6.57967,6.55962,0.02005,2.9
LATTICE + object graph,1,55,6.33704,6.31681,0.02023,2.9
LATTICE + object graph,1,56,6.06246,6.04199,0.02047,2.9
LATTICE + object graph,1,57,5.79816,5.77738,0.02078,2.9
LATTICE + object graph,1,58,5.62425,5.60323,0.02102,2.9
LATTICE + object graph,1,59,5.39222,5.37107,0.02115,2.9
LATTICE + object graph,1,60,5.12136,5.09992,0.02144,2.9
LATTICE + object graph,1,61,5.02129,4.99963,0.02166,2.8
LATTICE + object graph,1,62,4.82937,4.8075,0.02187,2.9
LATTICE + object graph,1,63,4.64807,4.62597,0.0221,2.9
LATTICE + object graph,1,64,4.46057,4.43824,0.02233,2.9
LATTICE + object graph,1,65,4.3282,4.30569,0.02251,2.9
LATTICE + object graph,1,66,4.17768,4.15502,0.02266,2.9
LATTICE + object graph,1,67,4.0283,4.00537,0.02293,2.9
LATTICE + object graph,1,68,3.87278,3.84966,0.02313,2.9
LATTICE + object graph,1,69,3.69256,3.66925,0.02331,2.9
LATTICE + object graph,1,70,3.61496,3.5914,0.02356,2.9
LATTICE + object graph,1,71,3.48325,3.45957,0.02368,2.9
LATTICE + object graph,1,72,3.43835,3.4145,0.02385,2.9
LATTICE + object graph,1,73,3.23418,3.21012,0.02406,2.9
LATTICE + object graph,1,74,3.16386,3.1396,0.02427,2.9
LATTICE + object graph,1,75,3.05084,3.0264,0.02444,2.9
LATTICE + object graph,1,76,3.00618,2.98155,0.02463,2.9
LATTICE + object graph,1,77,2.87265,2.84783,0.02482,2.9
LATTICE + object graph,1,78,2.77625,2.75124,0.02501,2.9
LATTICE + object graph,1,79,2.70295,2.67776,0.0252,2.9
LATTICE + object graph,1,80,2.56558,2.5402,0.02538,2.9
LATTICE + object graph,1,81,2.48707,2.46153,0.02554,2.9
LATTICE + object graph,1,82,2.44084,2.41514,0.0257,2.9
LATTICE + object graph,1,83,2.32996,2.30411,0.02585,2.9
LATTICE + object graph,1,84,2.28479,2.25876,0.02602,2.9
LATTICE + object graph,1,85,2.26441,2.23826,0.02615,2.9
LATTICE + object graph,1,86,2.16969,2.14339,0.0263,2.9
LATTICE + object graph,1,87,2.12485,2.09834,0.02651,2.9
LATTICE + object graph,1,88,2.05952,2.0329,0.02661,2.9
LATTICE + object graph,1,89,1.9896,1.96276,0.02684,2.9
LATTICE + object graph,1,90,1.92339,1.8964,0.02699,2.9
LATTICE + object graph,1,91,1.85486,1.82766,0.0272,2.9
LATTICE + object graph,1,92,1.81564,1.78835,0.02728,2.9
LATTICE + object graph,1,93,1.8114,1.78401,0.0274,2.9
LATTICE + object graph,1,94,1.75984,1.73229,0.02755,2.9
LATTICE + object graph,1,95,1.69487,1.66712,0.02775,2.9
LATTICE + object graph,1,96,1.61059,1.58273,0.02786,2.9
LATTICE + object graph,1,97,1.61205,1.58405,0.028,2.9
LATTICE + object graph,1,98,1.55134,1.52319,0.02816,2.9
LATTICE + object graph,1,99,1.49825,1.46993,0.02832,2.9
LATTICE + object graph,1,100,1.48558,1.45716,0.02841,2.9
LATTICE + object graph,1,101,1.43379,1.40519,0.0286,2.9
LATTICE + object graph,1,102,1.44241,1.41368,0.02873,2.9
LATTICE + object graph,1,103,1.40431,1.37545,0.02887,2.9
LATTICE + object graph,1,104,1.36541,1.33645,0.02896,2.9
LATTICE + object graph,1,105,1.3121,1.28298,0.02912,2.9
LATTICE + object graph,1,106,1.26926,1.23999,0.02927,2.8
LATTICE + object graph,1,107,1.26238,1.23299,0.02939,2.9
LATTICE + object graph,1,108,1.20167,1.17213,0.02954,2.9
LATTICE + object graph,1,109,1.21244,1.18279,0.02965,2.9
LATTICE + object graph,1,110,1.1682,1.13845,0.02975,2.9
LATTICE + object graph,1,111,1.14629,1.11639,0.0299,2.9
LATTICE + object graph,1,112,1.09658,1.06655,0.03003,2.9
LATTICE + object graph,1,113,1.10013,1.06999,0.03014,2.9
LATTICE + object graph,1,114,1.05524,1.02498,0.03027,2.9
LATTICE + object graph,1,115,1.03959,1.00922,0.03037,2.8
LATTICE + object graph,1,116,1.02395,0.99343,0.03052,2.9
LATTICE + object graph,1,117,1.00036,0.96974,0.03062,2.9
LATTICE + object graph,1,118,0.94251,0.91179,0.03072,2.9
LATTICE + object graph,1,119,0.95341,0.92253,0.03089,2.9
LATTICE + object graph,1,120,0.94297,0.91203,0.03094,2.9
LATTICE + object graph,1,121,0.93643,0.90533,0.0311,2.9
LATTICE + object graph,1,122,0.89193,0.86071,0.03122,2.9
LATTICE + object graph,1,123,0.90374,0.87243,0.03132,2.9
LATTICE + object graph,1,124,0.86912,0.83775,0.03137,2.9
LATTICE + object graph,1,125,0.84106,0.80955,0.03151,2.9
LATTICE + object graph,1,126,0.82008,0.78846,0.03162,2.9
LATTICE + object graph,1,127,0.79992,0.76815,0.03176,2.9
LATTICE + object graph,1,128,0.78376,0.75188,0.03188,2.9
LATTICE + object graph,1,129,0.789,0.75699,0.032,2.9
LATTICE + object graph,1,130,0.78002,0.74796,0.03206,2.8
LATTICE + object graph,1,131,0.7571,0.72494,0.03215,2.9
LATTICE + object graph,1,132,0.76204,0.72973,0.03231,2.9
LATTICE + object graph,1,133,0.73726,0.70488,0.03238,2.9
LATTICE + object graph,1,134,0.68934,0.65687,0.03247,2.9
LATTICE + object graph,1,135,0.68234,0.64979,0.03254,2.9
LATTICE + object graph,1,136,0.69486,0.6622,0.03266,2.9
LATTICE + object graph,1,137,0.68033,0.64757,0.03276,2.9
LATTICE + object graph,1,138,0.66392,0.63105,0.03287,2.9
LATTICE + object graph,1,139,0.64748,0.61458,0.0329,2.9
LATTICE + object graph,1,140,0.63154,0.59846,0.03307,2.9
LATTICE + object graph,1,141,0.62864,0.59546,0.03318,2.9
LATTICE + object graph,1,142,0.62697,0.59373,0.03325,2.9
LATTICE + object graph,1,143,0.59787,0.56452,0.03335,2.8
LATTICE + object graph,1,144,0.59077,0.55736,0.03341,2.9
LATTICE + object graph,1,145,0.59745,0.5639,0.03355,2.9
LATTICE + object graph,1,146,0.59735,0.56374,0.03361,2.9
LATTICE + object graph,1,147,0.58134,0.54761,0.03373,2.9
LATTICE + object graph,1,148,0.56664,0.53287,0.03377,2.9
LATTICE + object graph,1,149,0.54549,0.51157,0.03391,2.9
LATTICE + object graph,1,150,0.55482,0.52087,0.03395,2.9
LATTICE + object graph,1,151,0.51132,0.47724,0.03408,2.9
LATTICE + object graph,1,152,0.53082,0.4967,0.03412,2.9
LATTICE + object graph,1,153,0.51644,0.48222,0.03422,2.9
LATTICE + object graph,1,154,0.50633,0.47201,0.03432,2.9
LATTICE + object graph,1,155,0.49697,0.46254,0.03443,2.9
LATTICE + object graph,1,156,0.4954,0.46092,0.03448,2.9
LATTICE + object graph,1,157,0.48956,0.45497,0.03459,2.9
LATTICE + object graph,1,158,0.47028,0.43562,0.03466,2.9
LATTICE + object graph,1,159,0.4574,0.42265,0.03475,2.9
LATTICE + object graph,1,160,0.50278,0.46794,0.03483,2.9
LATTICE + object graph,1,161,0.43804,0.40315,0.03489,2.9
LATTICE + object graph,1,162,0.46415,0.42918,0.03497,2.9
LATTICE + object graph,1,163,0.43863,0.40354,0.03508,2.9
LATTICE + object graph,1,164,0.44352,0.40838,0.03514,2.9
LATTICE + object graph,1,165,0.43357,0.39834,0.03524,2.9
LATTICE + object graph,1,166,0.44769,0.41242,0.03527,2.9
LATTICE + object graph,1,167,0.43094,0.39558,0.03536,2.9
LATTICE + object graph,1,168,0.42098,0.38555,0.03542,2.9
LATTICE + object graph,1,169,0.4238,0.38826,0.03554,2.9
LATTICE + object graph,1,170,0.41116,0.37556,0.0356,2.9
LATTICE + object graph,1,171,0.38821,0.35251,0.03571,2.9
LATTICE + object graph,1,172,0.40304,0.36734,0.0357,2.9
LATTICE + object graph,1,173,0.41119,0.37536,0.03583,2.9
LATTICE + object graph,1,174,0.3872,0.35132,0.03588,2.9
LATTICE + object graph,1,175,0.41033,0.37435,0.03598,2.9
LATTICE + object graph,2,0,103.08373,103.08205,0.00168,3.2
LATTICE + object graph,2,1,100.84565,100.84389,0.00176,2.9
LATTICE + object graph,2,2,98.25094,98.24906,0.00188,2.9
LATTICE + object graph,2,3,95.32276,95.32074,0.00203,2.9
LATTICE + object graph,2,4,91.93531,91.93309,0.00222,2.9
LATTICE + object graph,2,5,88.28072,88.27826,0.00246,2.9
LATTICE + object graph,2,6,84.30054,84.2978,0.00274,2.9
LATTICE + object graph,2,7,80.05876,80.05569,0.00307,2.9
LATTICE + object graph,2,8,75.76927,75.76584,0.00344,2.9
LATTICE + object graph,2,9,71.55325,71.54943,0.00381,2.9
LATTICE + object graph,2,10,67.18669,67.18245,0.00424,2.9
LATTICE + object graph,2,11,63.19215,63.18749,0.00466,2.8
LATTICE + object graph,2,12,59.15003,59.1449,0.00513,2.9
LATTICE + object graph,2,13,55.6517,55.64612,0.00558,2.9
LATTICE + object graph,2,14,52.11401,52.10797,0.00603,2.8
LATTICE + object graph,2,15,49.03495,49.02848,0.00647,2.9
LATTICE + object graph,2,16,46.08312,46.07619,0.00693,2.9
LATTICE + object graph,2,17,43.18714,43.17977,0.00738,2.9
LATTICE + object graph,2,18,40.62086,40.61302,0.00784,2.9
LATTICE + object graph,2,19,38.16475,38.15645,0.0083,2.8
LATTICE + object graph,2,20,35.79793,35.78919,0.00875,2.9
LATTICE + object graph,2,21,33.68058,33.67138,0.00921,2.8
LATTICE + object graph,2,22,31.81682,31.8072,0.00962,2.9
LATTICE + object graph,2,23,29.98954,29.97952,0.01002,2.9
LATTICE + object graph,2,24,28.31402,28.30356,0.01045,2.9
LATTICE + object graph,2,25,26.57329,26.56243,0.01087,2.9
LATTICE + object graph,2,26,25.22695,25.21567,0.01128,2.9
LATTICE + object graph,2,27,23.85417,23.84249,0.01168,2.9
LATTICE + object graph,2,28,22.52678,22.51473,0.01205,2.9
LATTICE + object graph,2,29,21.32869,21.31623,0.01246,2.9
LATTICE + object graph,2,30,20.16634,20.15351,0.01283,2.9
LATTICE + object graph,2,31,19.2089,19.19571,0.01319,2.9
LATTICE + object graph,2,32,18.25364,18.24014,0.0135,2.9
LATTICE + object graph,2,33,17.34335,17.32944,0.0139,2.9
LATTICE + object graph,2,34,16.29179,16.2775,0.01429,2.9
LATTICE + object graph,2,35,15.60637,15.59177,0.0146,2.9
LATTICE + object graph,2,36,14.79468,14.77975,0.01493,2.9
LATTICE + object graph,2,37,14.0976,14.08236,0.01525,2.9
LATTICE + object graph,2,38,13.44636,13.43081,0.01554,2.9
LATTICE + object graph,2,39,12.84573,12.82983,0.01591,2.9
LATTICE + object graph,2,40,12.20193,12.18573,0.0162,2.9
LATTICE + object graph,2,41,11.6485,11.63197,0.01653,2.9
LATTICE + object graph,2,42,11.09681,11.08001,0.0168,2.9
LATTICE + object graph,2,43,10.58181,10.56467,0.01714,2.9
LATTICE + object graph,2,44,10.09201,10.07458,0.01744,2.9
LATTICE + object graph,2,45,9.58824,9.57053,0.01771,2.9
LATTICE + object graph,2,46,9.22207,9.20407,0.01801,3.0
LATTICE + object graph,2,47,8.8263,8.80801,0.01829,2.9
LATTICE + object graph,2,48,8.54886,8.53036,0.0185,2.9
LATTICE + object graph,2,49,8.1323,8.1135,0.01879,2.9
LATTICE + object graph,2,50,7.74816,7.72911,0.01905,2.9
LATTICE + object graph,2,51,7.44127,7.42198,0.01929,2.4
LATTICE + object graph,2,52,7.14656,7.12703,0.01953,2.4
LATTICE + object graph,2,53,6.87547,6.85564,0.01983,2.4
LATTICE + object graph,2,54,6.56634,6.54627,0.02007,2.4
LATTICE + object graph,2,55,6.30985,6.28953,0.02032,2.4
LATTICE + object graph,2,56,6.02881,6.00831,0.0205,2.4
LATTICE + object graph,2,57,5.89509,5.87433,0.02076,2.4
LATTICE + object graph,2,58,5.55765,5.53663,0.02103,2.4
LATTICE + object graph,2,59,5.34235,5.32107,0.02128,2.4
LATTICE + object graph,2,60,5.19548,5.174,0.02148,2.4
LATTICE + object graph,2,61,4.97625,4.95452,0.02174,2.4
LATTICE + object graph,2,62,4.82754,4.80559,0.02194,2.4
LATTICE + object graph,2,63,4.65161,4.62944,0.02217,2.4
LATTICE + object graph,2,64,4.43553,4.41317,0.02236,2.4
LATTICE + object graph,2,65,4.34443,4.32187,0.02256,2.4
LATTICE + object graph,2,66,4.20693,4.18415,0.02278,2.4
LATTICE + object graph,2,67,4.00748,3.98446,0.02302,2.4
LATTICE + object graph,2,68,3.90599,3.88282,0.02317,2.4
LATTICE + object graph,2,69,3.75117,3.72782,0.02335,2.4
LATTICE + object graph,2,70,3.62208,3.59852,0.02355,2.4
LATTICE + object graph,2,71,3.52549,3.50171,0.02378,2.4
LATTICE + object graph,2,72,3.39328,3.36933,0.02395,2.4
LATTICE + object graph,2,73,3.30139,3.27724,0.02415,2.4
LATTICE + object graph,2,74,3.14717,3.12282,0.02436,2.4
LATTICE + object graph,2,75,3.03556,3.01102,0.02454,2.4
LATTICE + object graph,2,76,2.92462,2.8999,0.02472,2.4
LATTICE + object graph,2,77,2.84199,2.81708,0.02492,2.4
LATTICE + object graph,2,78,2.78201,2.75691,0.0251,2.4
LATTICE + object graph,2,79,2.65705,2.63183,0.02522,2.4
LATTICE + object graph,2,80,2.57657,2.55116,0.02542,2.4
LATTICE + object graph,2,81,2.5038,2.47819,0.02561,2.4
LATTICE + object graph,2,82,2.43934,2.41362,0.02572,2.4
LATTICE + object graph,2,83,2.40359,2.37765,0.02594,2.4
LATTICE + object graph,2,84,2.3043,2.27825,0.02605,2.4
LATTICE + object graph,2,85,2.22568,2.19946,0.02622,2.4
LATTICE + object graph,2,86,2.16967,2.14322,0.02645,2.4
LATTICE + object graph,2,87,2.12678,2.10017,0.02661,2.4
LATTICE + object graph,2,88,2.03325,2.00651,0.02674,2.4
LATTICE + object graph,2,89,2.02451,1.99759,0.02692,2.4
LATTICE + object graph,2,90,1.93041,1.90339,0.02703,2.4
LATTICE + object graph,2,91,1.88594,1.8587,0.02723,2.4
LATTICE + object graph,2,92,1.8277,1.80043,0.02728,2.4
LATTICE + object graph,2,93,1.73575,1.70827,0.02748,2.4
LATTICE + object graph,2,94,1.7109,1.68325,0.02764,2.4
LATTICE + object graph,2,95,1.6656,1.63778,0.02782,2.4
LATTICE + object graph,2,96,1.6101,1.58213,0.02797,2.4
LATTICE + object graph,2,97,1.59299,1.56485,0.02814,2.4
LATTICE + object graph,2,98,1.5867,1.55846,0.02824,2.4
LATTICE + object graph,2,99,1.51752,1.48912,0.0284,2.4
LATTICE + object graph,2,100,1.47426,1.44581,0.02845,2.4
LATTICE + object graph,2,101,1.43019,1.4015,0.02869,2.4
LATTICE + object graph,2,102,1.41183,1.38304,0.02879,2.4
LATTICE + object graph,2,103,1.35974,1.33079,0.02895,2.4
LATTICE + object graph,2,104,1.30561,1.27655,0.02907,2.4
LATTICE + object graph,2,105,1.31917,1.28996,0.02921,2.4
LATTICE + object graph,2,106,1.28288,1.25351,0.02937,2.4
LATTICE + object graph,2,107,1.27982,1.25033,0.02949,2.4
LATTICE + object graph,2,108,1.22238,1.1927,0.02967,2.4
LATTICE + object graph,2,109,1.19019,1.16045,0.02975,2.4
LATTICE + object graph,2,110,1.14357,1.11371,0.02986,2.4
LATTICE + object graph,2,111,1.12935,1.09933,0.03002,2.4
LATTICE + object graph,2,112,1.12804,1.09794,0.0301,2.4
LATTICE + object graph,2,113,1.07741,1.04722,0.03019,2.4
LATTICE + object graph,2,114,1.03551,1.00516,0.03035,2.4
LATTICE + object graph,2,115,1.05527,1.02482,0.03045,2.4
LATTICE + object graph,2,116,1.01132,0.98076,0.03056,2.4
LATTICE + object graph,2,117,0.99908,0.96834,0.03074,2.4
LATTICE + object graph,2,118,0.97156,0.94068,0.03088,2.4
LATTICE + object graph,2,119,0.97649,0.94549,0.031,2.4
LATTICE + object graph,2,120,0.92339,0.89233,0.03107,2.4
LATTICE + object graph,2,121,0.91183,0.88063,0.0312,2.4
LATTICE + object graph,2,122,0.89321,0.86189,0.03132,2.4
LATTICE + object graph,2,123,0.88469,0.85321,0.03148,2.4
LATTICE + object graph,2,124,0.87114,0.83961,0.03153,2.4
LATTICE + object graph,2,125,0.82977,0.79815,0.03162,2.4
LATTICE + object graph,2,126,0.81525,0.78347,0.03177,2.4
LATTICE + object graph,2,127,0.80946,0.77761,0.03185,2.4
LATTICE + object graph,2,128,0.77893,0.74696,0.03196,2.4
LATTICE + object graph,2,129,0.78121,0.74915,0.03206,2.4
LATTICE + object graph,2,130,0.74617,0.71398,0.03219,2.4
LATTICE + object graph,2,131,0.73442,0.70216,0.03226,2.4
LATTICE + object graph,2,132,0.71904,0.68667,0.03237,2.4
LATTICE + object graph,2,133,0.74397,0.71152,0.03245,2.4
LATTICE + object graph,2,134,0.70044,0.66785,0.03259,2.4
LATTICE + object graph,2,135,0.71337,0.68068,0.03269,2.4
LATTICE + object graph,2,136,0.70584,0.67309,0.03274,2.4
LATTICE + object graph,2,137,0.65872,0.62584,0.03288,2.4
LATTICE + object graph,2,138,0.66207,0.62912,0.03295,2.3
LATTICE + object graph,2,139,0.64518,0.61204,0.03314,2.4
LATTICE + object graph,2,140,0.63062,0.59744,0.03317,2.4
LATTICE + object graph,2,141,0.61974,0.58651,0.03323,2.4
LATTICE + object graph,2,142,0.59905,0.56569,0.03336,2.4
LATTICE + object graph,2,143,0.58645,0.553,0.03344,2.4
LATTICE + object graph,2,144,0.61603,0.58253,0.0335,2.4
LATTICE + object graph,2,145,0.56639,0.53273,0.03366,2.4
LATTICE + object graph,2,146,0.5487,0.51498,0.03372,2.4
LATTICE + object graph,2,147,0.54824,0.51442,0.03382,2.4
LATTICE + object graph,2,148,0.55889,0.52496,0.03393,2.4
LATTICE + object graph,2,149,0.53275,0.49877,0.03398,2.4
LATTICE + object graph,2,150,0.53476,0.50068,0.03408,2.4
LATTICE + object graph,2,151,0.52862,0.49445,0.03417,2.4
LATTICE + object graph,2,152,0.53121,0.49694,0.03426,2.4
LATTICE + object graph,2,153,0.51006,0.47567,0.03438,2.4
LATTICE + object graph,2,154,0.50901,0.4746,0.03441,2.4
LATTICE + object graph,2,155,0.50333,0.46879,0.03454,2.4
LATTICE + object graph,2,156,0.47454,0.43994,0.03459,2.4
LATTICE + object graph,2,157,0.49188,0.4572,0.03468,2.4
LATTICE + object graph,2,158,0.49252,0.45771,0.03481,2.4
LATTICE + object graph,2,159,0.45922,0.42432,0.0349,2.4
LATTICE + object graph,2,160,0.47871,0.44375,0.03496,2.4
LATTICE + object graph,2,161,0.45169,0.41673,0.03496,2.4
LATTICE + object graph,2,162,0.43345,0.39838,0.03508,2.4
LATTICE + object graph,2,163,0.43282,0.39767,0.03515,2.4
LATTICE + object graph,2,164,0.45284,0.41761,0.03523,2.4
LATTICE + object graph,2,165,0.4159,0.3805,0.0354,2.4
LATTICE + object graph,2,166,0.42689,0.39145,0.03544,2.4
LATTICE + object graph,2,167,0.42277,0.38729,0.03548,2.4
LATTICE + object graph,2,168,0.40685,0.37127,0.03558,2.4
LATTICE + object graph,2,169,0.40194,0.36632,0.03562,2.4
LATTICE + object graph,2,170,0.3985,0.3628,0.0357,2.5
LATTICE + object graph,2,171,0.42326,0.38746,0.0358,2.4
LATTICE + object graph,2,172,0.38593,0.35009,0.03584,2.4
LATTICE + object graph,2,173,0.40508,0.36915,0.03593,2.4
LATTICE + object graph,2,174,0.37396,0.33796,0.036,2.4
LATTICE + object graph,2,175,0.37169,0.33564,0.03604,2.4
